filename,user_idx,sample_idx,lead_name,window_idx,peak_position
U000_S003.mat,000,003,I,0,27
U000_S003.mat,000,003,II,0,27
U000_S003.mat,000,003,V2,0,27
U000_S003.mat,000,003,V5,0,27
U000_S003.mat,000,003,I,1,116
U000_S003.mat,000,003,II,1,116
U000_S003.mat,000,003,V2,1,116
U000_S003.mat,000,003,V5,1,116
U000_S003.mat,000,003,I,2,208
U000_S003.mat,000,003,II,2,208
U000_S003.mat,000,003,V2,2,208
U000_S003.mat,000,003,V5,2,208
U000_S003.mat,000,003,I,3,303
U000_S003.mat,000,003,II,3,303
U000_S003.mat,000,003,V2,3,303
U000_S003.mat,000,003,V5,3,303
U000_S003.mat,000,003,I,4,391
U000_S003.mat,000,003,II,4,391
U000_S003.mat,000,003,V2,4,391
U000_S003.mat,000,003,V5,4,391
U000_S003.mat,000,003,I,5,479
U000_S003.mat,000,003,II,5,479
U000_S003.mat,000,003,V2,5,479
U000_S003.mat,000,003,V5,5,479
U000_S003.mat,000,003,I,6,569
U000_S003.mat,000,003,II,6,569
U000_S003.mat,000,003,V2,6,569
U000_S003.mat,000,003,V5,6,569
U000_S003.mat,000,003,I,7,659
U000_S003.mat,000,003,II,7,659
U000_S003.mat,000,003,V2,7,659
U000_S003.mat,000,003,V5,7,659
U000_S003.mat,000,003,I,8,747
U000_S003.mat,000,003,II,8,747
U000_S003.mat,000,003,V2,8,747
U000_S003.mat,000,003,V5,8,747
U000_S003.mat,000,003,I,9,834
U000_S003.mat,000,003,II,9,834
U000_S003.mat,000,003,V2,9,834
U000_S003.mat,000,003,V5,9,834
U000_S003.mat,000,003,I,10,925
U000_S003.mat,000,003,II,10,925
U000_S003.mat,000,003,V2,10,925
U000_S003.mat,000,003,V5,10,925
U000_S003.mat,000,003,I,11,1023
U000_S003.mat,000,003,II,11,1023
U000_S003.mat,000,003,V2,11,1023
U000_S003.mat,000,003,V5,11,1023
U000_S003.mat,000,003,I,12,1117
U000_S003.mat,000,003,II,12,1117
U000_S003.mat,000,003,V2,12,1117
U000_S003.mat,000,003,V5,12,1117
U000_S003.mat,000,003,I,13,1208
U000_S003.mat,000,003,II,13,1208
U000_S003.mat,000,003,V2,13,1208
U000_S003.mat,000,003,V5,13,1208
