1.000000000000000000e+00,9.003241658210754395e-01,3.585899472236633301e-01,5.145867168903350830e-02,4.659643396735191345e-02,1.268233358860015869e-01,1.333063244819641113e-01,1.191247999668121338e-01,1.106158867478370667e-01,1.130470037460327148e-01,1.065640226006507874e-01,1.069692075252532959e-01,1.158833056688308716e-01,1.223662868142127991e-01,1.223662868142127991e-01.1,1.195299848914146423e-01,1.158833056688308716e-01.1,1.223662868142127991e-01.2,1.260129660367965698e-01,1.337115019559860229e-01,1.349270641803741455e-01,1.426256150007247925e-01,1.511345207691192627e-01,1.584278792142868042e-01,1.636953055858612061e-01,1.738249659538269043e-01,1.888168603181838989e-01,2.078606188297271729e-01,2.309562414884567261e-01,2.585089206695556641e-01,2.945705056190490723e-01,3.257698416709899902e-01,3.626418113708496094e-01,3.982982039451599121e-01,4.294975697994232178e-01,4.493516981601715088e-01,4.509724378585815430e-01,4.189627170562744141e-01,3.727714717388153076e-01,3.103727698326110840e-01,2.500000000000000000e-01,2.042139321565628052e-01,1.689627170562744141e-01,1.474878489971160889e-01,1.304700225591659546e-01,1.243922188878059387e-01,1.175040528178215027e-01,1.166936755180358887e-01,1.158833056688308716e-01.2,1.187196075916290283e-01,1.154781207442283630e-01,1.138573735952377319e-01,1.195299848914146423e-01.1,1.166936755180358887e-01.1,1.227714717388153076e-01,1.207455396652221680e-01,1.166936755180358887e-01.2,1.227714717388153076e-01.1,1.264181584119796753e-01,1.316855698823928833e-01,1.418152302503585815e-01,1.393841207027435303e-01,1.450567245483398438e-01,1.434359848499298096e-01,1.410048604011535645e-01,1.405996829271316528e-01,1.381685584783554077e-01,1.369529962539672852e-01,1.320907622575759888e-01,1.284440904855728149e-01,1.284440904855728149e-01.1,1.280388981103897095e-01,1.252025961875915527e-01,1.223662868142127991e-01.3,1.170988678932189941e-01,1.126418188214302063e-01,1.130470037460327148e-01.1,1.276337057352066040e-01,1.653160452842712402e-01,1.794975697994232178e-01,1.612641811370849609e-01,1.766612678766250610e-01,1.827390640974044800e-01,1.746353358030319214e-01,1.515397131443023682e-01,1.478930264711380005e-01,1.349270641803741455e-01.1,1.227714717388153076e-01.2,1.069692075252532959e-01.1,9.805510193109512329e-02,9.440843015909194946e-02,8.914100378751754761e-02,8.914100378751754761e-02.1,8.873581886291503906e-02,9.076175093650817871e-02,8.589951694011688232e-02,8.589951694011688232e-02.1,8.914100378751754761e-02.2,8.427876979112625122e-02,5.794165283441543579e-02,0.000000000000000000e+00,1.162884905934333801e-01,3.095623850822448730e-01,8.342787623405456543e-01,9.643436074256896973e-01,5.615883469581604004e-01,8.144246041774749756e-02,3.241490945219993591e-02,1.126418188214302063e-01.1,1.523500829935073853e-01,1.357374340295791626e-01,1.247974038124084473e-01,1.235818490386009216e-01,1.235818490386009216e-01.1,1.158833056688308716e-01.3,1.154781207442283630e-01.1,1.166936755180358887e-01.3,1.247974038124084473e-01.1,1.280388981103897095e-01.1,1.300648301839828491e-01,1.268233358860015869e-01.1,1.296596378087997437e-01,1.361426264047622681e-01,0.000000000000000000e+00.1,0.000000000000000000e+00.2,0.000000000000000000e+00.3,0.000000000000000000e+00.4,0.000000000000000000e+00.5,0.000000000000000000e+00.6,0.000000000000000000e+00.7,0.000000000000000000e+00.8,0.000000000000000000e+00.9,0.000000000000000000e+00.10,0.000000000000000000e+00.11,0.000000000000000000e+00.12,0.000000000000000000e+00.13,0.000000000000000000e+00.14,0.000000000000000000e+00.15,0.000000000000000000e+00.16,0.000000000000000000e+00.17,0.000000000000000000e+00.18,0.000000000000000000e+00.19,0.000000000000000000e+00.20,0.000000000000000000e+00.21,0.000000000000000000e+00.22,0.000000000000000000e+00.23,0.000000000000000000e+00.24,0.000000000000000000e+00.25,0.000000000000000000e+00.26,0.000000000000000000e+00.27,0.000000000000000000e+00.28,0.000000000000000000e+00.29,0.000000000000000000e+00.30,0.000000000000000000e+00.31,0.000000000000000000e+00.32,0.000000000000000000e+00.33,0.000000000000000000e+00.34,0.000000000000000000e+00.35,0.000000000000000000e+00.36,0.000000000000000000e+00.37,0.000000000000000000e+00.38,0.000000000000000000e+00.39,0.000000000000000000e+00.40,0.000000000000000000e+00.41,0.000000000000000000e+00.42,0.000000000000000000e+00.43,0.000000000000000000e+00.44,0.000000000000000000e+00.45,0.000000000000000000e+00.46,0.000000000000000000e+00.47,0.000000000000000000e+00.48,0.000000000000000000e+00.49,0.000000000000000000e+00.50,0.000000000000000000e+00.51,0.000000000000000000e+00.52,0.000000000000000000e+00.53,0.000000000000000000e+00.54,0.000000000000000000e+00.55,0.000000000000000000e+00.56,0.000000000000000000e+00.57,0.000000000000000000e+00.58,0.000000000000000000e+00.59,0.000000000000000000e+00.60,0.000000000000000000e+00.61,0.000000000000000000e+00.62,0.000000000000000000e+00.63,0.000000000000000000e+00.64,0.000000000000000000e+00.65
1.0,0.7946814894676208,0.375386506319046,0.11688311398029327,0.0,0.17192330956459043,0.283858984708786,0.29375386238098145,0.3259121775627136,0.34508347511291504,0.3617810904979706,0.3623995184898376,0.36611008644104,0.3679653704166412,0.37414965033531195,0.3778602480888367,0.3821892440319061,0.3846629559993744,0.3988868296146393,0.40136054158210754,0.4180581271648407,0.4434137344360352,0.4576376080513,0.48794063925743103,0.5207173824310303,0.5596784353256226,0.604205310344696,0.6345083713531494,0.6536796689033508,0.6728509664535521,0.6784168481826782,0.6604823470115662,0.6215213537216187,0.5559678673744202,0.48237475752830505,0.4384663105010986,0.3784786760807037,0.3512677848339081,0.31972789764404297,0.3067408800125122,0.29560914635658264,0.2931354343891144,0.29189857840538025,0.29251700639724726,0.2789115607738495,0.2789115607738495,0.2807668447494507,0.2807668447494507,0.2857142984867096,0.27458256483078,0.2752009928226471,0.27396413683891296,0.2844774127006531,0.2764378488063812,0.2752009928226471,0.2776747047901153,0.2795299887657165,0.2826221287250519,0.2795299887657165,0.2733457088470459,0.268398255109787,0.26901668310165405,0.2677798271179199,0.2572665512561798,0.2523190975189209,0.252937525510788,0.2572665512561798,0.24984538555145264,0.2510822415351868,0.2510822415351868,0.24984538555145264,0.2418058067560196,0.24118737876415247,0.243661105632782,0.24489796161651609,0.23933209478855133,0.2418058067560196,0.23871366679668424,0.24242424964904785,0.24118737876415247,0.2306740880012512,0.2325293719768524,0.22820037603378293,0.2374768108129501,0.2430426776409149,0.243661105632782,0.2430426776409149,0.26901668310165405,0.26345083117485046,0.29066172242164606,0.2764378488063812,0.2782931327819824,0.25170066952705383,0.25664812326431274,0.2523190975189209,0.24613481760025024,0.24675324559211728,0.2380952388048172,0.22077922523021695,0.2306740880012512,0.2356215268373489,0.24613481760025024,0.24427953362464905,0.2504638135433197,0.25850340723991394,0.2560296952724457,0.3469387888908386,0.41682127118110657,0.5170068144798279,0.8695114254951477,0.9845392704010008,0.5553494095802307,0.2418058067560196,0.030921459197998047,0.044526901096105576,0.2275819480419159,0.268398255109787,0.2813852727413177,0.31663575768470764,0.3259121775627136,0.3314780592918396,0.33951762318611145,0.3487940728664398,0.3469387888908386,0.344465047121048,0.35003092885017395,0.35930734872818,0.3667285144329071,0.37662336230278015,0.38589981198310846,0.3976499736309052,0.41682127118110657,0.0,0.0,0.0,0.0,0.0,0.0,0.0,0.0,0.0,0.0,0.0,0.0,0.0,0.0,0.0,0.0,0.0,0.0,0.0,0.0,0.0,0.0,0.0,0.0,0.0,0.0,0.0,0.0,0.0,0.0,0.0,0.0,0.0,0.0,0.0,0.0,0.0,0.0,0.0,0.0,0.0,0.0,0.0,0.0,0.0,0.0,0.0,0.0,0.0,0.0,0.0,0.0,0.0,0.0,0.0,0.0
0.909028947353363,0.7914820909500122,0.423168659210205,0.18671210110187528,0.0,0.007836456410586836,0.063032366335392,0.07700170576572418,0.07495740801095961,0.07734242081642151,0.07734242081642151,0.08722317218780516,0.09199318289756776,0.09505962580442429,0.0964224860072136,0.10494037717580797,0.10800681263208388,0.11379897594451904,0.11652470380067824,0.11993185430765152,0.12436115741729736,0.13219761848449707,0.14582623541355133,0.15264055132865903,0.1635434478521347,0.17546848952770233,0.18943782150745392,0.2047700136899948,0.22930152714252472,0.25281089544296265,0.27597954869270325,0.3025553524494171,0.32129472494125366,0.33390119671821594,0.3458262383937836,0.3485519587993622,0.3471890985965729,0.3342418968677521,0.3066439628601074,0.27461668848991394,0.23781941831111908,0.20647358894348145,0.18364565074443817,0.16252128779888153,0.14514480531215668,0.135264053940773,0.12572401762008667,0.11993185430765152,0.1158432736992836,0.11277683079242706,0.11005111038684844,0.11311754584312438,0.1107325404882431,0.10902895778417589,0.11175468564033508,0.11175468564033508,0.11618398874998093,0.11993185430765152,0.12129472196102142,0.12061328440904616,0.11788756400346756,0.12299829721450804,0.12436115741729736,0.12572401762008667,0.12402044236660004,0.126064732670784,0.12708687782287595,0.12197615206241608,0.12708687782287595,0.12640544772148132,0.1287904530763626,0.12640544772148132,0.12436115741729736,0.125042587518692,0.13219761848449707,0.12947189807891843,0.12708687782287595,0.12367972731590272,0.12640544772148132,0.12299829721450804,0.12061328440904616,0.12197615206241608,0.12061328440904616,0.12640544772148132,0.12265758216381072,0.12402044236660004,0.12163543701171876,0.12470187246799468,0.12844973802566528,0.1315161883831024,0.13185690343379974,0.13492333889007568,0.13662691414356232,0.1356047689914703,0.13662691414356232,0.13458262383937836,0.13492333889007568,0.13492333889007568,0.13594548404216766,0.14071550965309143,0.1390119194984436,0.14071550965309143,0.14105622470378876,0.14446337521076202,0.14480409026145935,0.14446337521076202,0.14412266016006467,0.14514480531215668,0.14889267086982727,0.1482112407684326,0.15127767622470856,0.1482112407684326,0.1468483805656433,0.1478705257177353,0.1492333859205246,0.15161839127540588,0.16320273280143735,0.18841567635536197,0.20919932425022125,0.21601362526416776,0.2538330554962158,0.2582623362541199,0.2603066563606262,0.261328786611557,0.2327086925506592,0.2197615057229996,0.2126064747571945,0.16967631876468658,0.1403747797012329,0.12981261312961578,0.12674616277217865,0.12538330256938934,0.126064732670784,0.1287904530763626,0.11277683079242706,0.135264053940773,0.22896081209182736,0.5908007025718689,0.9904599785804749,1.0,0.6749573945999146,0.33253833651542664,0.1315161883831024,0.07768313586711884,0.13424190878868103,0.16729131340980527,0.16626916825771332,0.16831345856189728,0.16831345856189728,0.1700170338153839,0.17410561442375183,0.17819420993328094,0.18364565074443817,0.186371386051178,0.19114139676094052,0.1945485472679138,0.20170357823371887,0.20817717909812927,0.2122657597064972,0.2197615057229996,0.22759795188903809,0.23884156346321103,0.24906302988529205,0.2545144855976105,0.2701874077320099,0.0,0.0,0.0,0.0,0.0,0.0,0.0,0.0,0.0,0.0,0.0,0.0,0.0,0.0,0.0,0.0,0.0,0.0,0.0,0.0,0.0,0.0,0.0
1.0,0.4788933396339417,0.05675984174013138,0.06417569518089294,0.08128921687602995,0.07273245602846146,0.05561893805861473,0.04877353087067604,0.05447803810238838,0.041642896831035614,0.04905875772237778,0.05134055763483048,0.049343980848789215,0.04592127725481987,0.04991443082690239,0.05390758812427521,0.04962920770049095,0.04592127725481987,0.05504848808050156,0.05362236127257347,0.06360524892807007,0.0661722794175148,0.08328579366207123,0.09498003125190736,0.11580148339271544,0.13120365142822263,0.1531659960746765,0.17826582491397855,0.21021106839179993,0.23274387419223783,0.2661152184009552,0.28665146231651306,0.3057615458965301,0.31745579838752747,0.30490586161613464,0.2646891176700592,0.22390188276767728,0.1916714161634445,0.14090131223201752,0.11180832982063292,0.0924130082130432,0.06959497928619385,0.0738733634352684,0.055904164910316474,0.06417569518089294,0.055904164910316474,0.05333713814616203,0.054192811250686646,0.06274957209825516,0.0638904720544815,0.0638904720544815,0.06873930245637894,0.06731317937374115,0.06474614888429642,0.06531660258769989,0.06930975615978241,0.06474614888429642,0.06560182571411133,0.06446092575788498,0.06046776846051216,0.06560182571411133,0.06645750254392624,0.05647461488842964,0.06018254533410072,0.05191101133823394,0.05191101133823394,0.050199657678604126,0.04905875772237778,0.045350827276706696,0.05790074169635773,0.052196234464645386,0.03936109691858292,0.04420992732048035,0.04192812368273735,0.04734740406274796,0.04677695408463478,0.043639473617076874,0.042783800512552254,0.04050199687480927,0.03707929328083992,0.04734740406274796,0.042498573660850525,0.039646320044994354,0.04050199687480927,0.03736451640725136,0.03907587006688117,0.04420992732048035,0.03736451640725136,0.03508271649479866,0.03108956106007099,0.034512266516685486,0.029663434252142903,0.036508843302726746,0.030519109219312668,0.03508271649479866,0.04192812368273735,0.03736451640725136,0.035653166472911835,0.03023388423025608,0.03879064321517944,0.03622361645102501,0.028522532433271408,0.0353679396212101,0.03879064321517944,0.03194523602724075,0.0430690236389637,0.03508271649479866,0.03622361645102501,0.03822019323706626,0.05989731848239899,0.07216200977563858,0.07130633294582367,0.08870507776737213,0.1069594994187355,0.11323445290327072,0.12122076749801636,0.13034798204898834,0.10296634584665298,0.08128921687602995,0.059326868504285805,0.034512266516685486,0.027666857466101646,0.033656589686870575,0.027952082455158237,0.018824871629476547,0.02224757522344589,0.024814603850245476,0.02338847704231739,0.025385053828358647,0.0,0.010553336702287195,0.27495720982551575,0.6591557264328003,0.9386765360832214,0.7703936100006102,0.14061608910560608,0.061038218438625336,0.08699372410774232,0.0,0.0,0.0,0.0,0.0,0.0,0.0,0.0,0.0,0.0,0.0,0.0,0.0,0.0,0.0,0.0,0.0,0.0,0.0,0.0,0.0,0.0,0.0,0.0,0.0,0.0,0.0,0.0,0.0,0.0,0.0,0.0,0.0,0.0,0.0,0.0,0.0,0.0,0.0,0.0,0.0,0.0,0.0,0.0,0.0,0.0,0.0,0.0,0.0,0.0
1.0,0.8672383427619934,0.20136013627052307,0.09934949874877928,0.14133648574352264,0.12093435972929,0.1085156723856926,0.0963926687836647,0.09343583881855011,0.10082791000604628,0.08693081140518188,0.09402720630168913,0.09580130130052567,0.0963926687836647,0.08959195762872696,0.09491425007581712,0.08959195762872696,0.09491425007581712,0.09816676378250122,0.10230632871389388,0.0996451824903488,0.09668835252523422,0.1085156723856926,0.12773506343364716,0.1283264309167862,0.14902424812316895,0.17238320410251615,0.20402128994464877,0.22176226973533633,0.25428739190101624,0.2847427427768707,0.3092844486236572,0.32968658208847046,0.34417504072189326,0.35984623432159424,0.333530455827713,0.2921348214149475,0.25340035557746887,0.21673566102981567,0.1714961528778076,0.13867534697055817,0.11590774357318878,0.10644589364528656,0.10348905622959136,0.08515670895576477,0.08338261395692825,0.08900059014558792,0.08190419524908066,0.08072146773338316,0.08604376018047331,0.0813128352165222,0.07687758654356003,0.0887049064040184,0.0963926687836647,0.10289769619703291,0.08811353892087936,0.0946185663342476,0.10585452616214752,0.10141927748918532,0.08811353892087936,0.10053222626447676,0.09550561755895615,0.10467179119586945,0.091661736369133,0.08988764137029648,0.09520993381738663,0.09846244752407074,0.08515670895576477,0.08515670895576477,0.091661736369133,0.07628621906042099,0.08308693021535873,0.07746895402669905,0.08397398144006729,0.07539917528629304,0.07421644032001494,0.08367829769849777,0.07392075657844542,0.07392075657844542,0.06978119164705276,0.07303370535373686,0.07273802161216736,0.06771141290664673,0.07007687538862228,0.08338261395692825,0.0626848042011261,0.07244234532117844,0.07096392661333084,0.07865168899297714,0.07539917528629304,0.06534595042467117,0.08072146773338316,0.07332938909530638,0.06475458294153214,0.08013010025024414,0.0718509778380394,0.07007687538862228,0.06564163416624069,0.07539917528629304,0.06386753171682358,0.06386753171682358,0.07007687538862228,0.06623300164937973,0.0688941478729248,0.06712004542350769,0.06238912045955657,0.06918983161449432,0.06534595042467117,0.07066824287176132,0.06386753171682358,0.06682436168193817,0.08456534892320633,0.105558842420578,0.08900059014558792,0.10171496123075484,0.12507392466068268,0.1374926120042801,0.14281490445137024,0.15937314927577972,0.12507392466068268,0.10969839990139008,0.08219987899065018,0.06327616423368454,0.04997043311595917,0.04376108944416046,0.03548196330666542,0.03962152451276779,0.03962152451276779,0.03962152451276779,0.0443524532020092,0.04050857573747634,0.038734477013349526,0.0,0.20313423871994016,0.5901833176612854,0.9305145144462584,0.9858072400093079,0.2953873574733734,0.06534595042467117,0.10526315867900848,0.10171496123075484,0.08338261395692825,0.0,0.0,0.0,0.0,0.0,0.0,0.0,0.0,0.0,0.0,0.0,0.0,0.0,0.0,0.0,0.0,0.0,0.0,0.0,0.0,0.0,0.0,0.0,0.0,0.0,0.0,0.0,0.0,0.0,0.0,0.0,0.0,0.0,0.0,0.0,0.0,0.0,0.0,0.0,0.0,0.0,0.0,0.0,0.0,0.0,0.0
0.9489833116531373,0.5052650570869446,0.0041757444851100445,0.022512707859277725,0.05954974517226219,0.10729847848415373,0.11038489639759064,0.11129266768693924,0.1165577322244644,0.11819171905517578,0.11310820281505583,0.1323529481887817,0.129992738366127,0.13289760053157806,0.13725490868091583,0.15123456716537476,0.15795207023620603,0.15559186041355133,0.1801016628742218,0.1870007216930389,0.20025417208671567,0.22512708604335785,0.23983296751976013,0.27450981736183167,0.2872186005115509,0.3137255012989044,0.33678287267684937,0.34731298685073847,0.35421204566955566,0.3400508463382721,0.31681191921234125,0.2677923142910004,0.22367465496063232,0.1801016628742218,0.15613652765750885,0.1348946988582611,0.11401597410440444,0.10675381124019621,0.10475672036409378,0.0882352963089943,0.09368191659450531,0.10112563520669936,0.09694989025592805,0.09658678621053696,0.0949527993798256,0.09658678621053696,0.09531590342521667,0.09259258955717087,0.09931009262800217,0.1031227335333824,0.10366739332675932,0.1062091514468193,0.10584603995084763,0.09912853688001633,0.09876543283462524,0.10384894907474516,0.1043936088681221,0.10058097541332243,0.09277414530515671,0.09204792976379393,0.10003630816936492,0.09077705442905426,0.09059549868106842,0.09803921729326248,0.09622367471456528,0.08750908076763153,0.09822077304124832,0.09023238718509674,0.08533042669296265,0.0900508314371109,0.09331881254911423,0.08315178006887437,0.09222948551177977,0.08297022432088853,0.08242556452751158,0.09749455004930496,0.12236746400594713,0.11619462817907332,0.11946260184049606,0.13997821509838104,0.09694989025592805,0.1205519214272499,0.11328975856304167,0.09277414530515671,0.08732752501964569,0.08333333581686019,0.08496732264757155,0.07244008779525757,0.07952069491147995,0.08641975373029709,0.07933914661407471,0.07425563037395477,0.08333333581686019,0.024872912093997,0.017247639596462246,0.20769789814949036,0.5301379561424255,1.0,0.9248365759849548,0.4413580298423767,0.0,0.022512707859277725,0.07461873441934586,0.11002178490161896,0.1227305755019188,0.1013071909546852,0.11365287005901337,0.10856935381889345,0.11855483055114746,0.11456064134836196,0.13162672519683835,0.13380537927150726,0.1425199657678604,0.15395787358283997,0.15214233100414276,0.163035586476326,0.16594044864177704,0.1926289051771164,0.20025417208671567,0.2182280272245407,0.24037763476371765,0.26724764704704285,0.3070079982280731,0.3224400877952576,0.3331517875194549,0.3503994047641754,0.3589324653148651,0.3471314311027527,0.0,0.0,0.0,0.0,0.0,0.0,0.0,0.0,0.0,0.0,0.0,0.0,0.0,0.0,0.0,0.0,0.0,0.0,0.0,0.0,0.0,0.0,0.0,0.0,0.0,0.0,0.0,0.0,0.0,0.0,0.0,0.0,0.0,0.0,0.0,0.0,0.0,0.0,0.0,0.0,0.0,0.0,0.0,0.0,0.0,0.0,0.0,0.0,0.0,0.0,0.0,0.0,0.0,0.0,0.0,0.0,0.0,0.0,0.0,0.0
1.0,0.487679660320282,0.1143052726984024,0.0,0.030116358771920204,0.06502395868301392,0.06091718003153801,0.050992470234632485,0.0533880889415741,0.051676932722330086,0.058863792568445206,0.0561259426176548,0.0581793300807476,0.06810403615236281,0.06570842117071152,0.07118412107229233,0.07837098091840744,0.08076659590005873,0.09171800315380096,0.09411361813545228,0.1122518852353096,0.1344969272613525,0.14168377220630643,0.15434633195400238,0.18240930140018463,0.1998631060123444,0.23648186028003687,0.2635181248188019,0.290554404258728,0.31040382385253906,0.3302532434463501,0.33572894334793085,0.3234086334705353,0.276865154504776,0.2310061603784561,0.18275153636932373,0.14750170707702637,0.1197809725999832,0.09958932548761368,0.09274469316005705,0.08076659590005873,0.07973990589380264,0.07665982097387315,0.07529089599847794,0.07529089599847794,0.07768651843070982,0.07529089599847794,0.07802874594926834,0.07700205594301222,0.07426420599222182,0.07734428346157075,0.07905544340610504,0.08042436838150024,0.08521560579538345,0.07631759345531462,0.07529089599847794,0.08761122822761534,0.08384668081998825,0.08213552087545395,0.08145105838775633,0.08042436838150024,0.08350444585084915,0.08213552087545395,0.07802874594926834,0.07871320843696594,0.07973990589380264,0.07665982097387315,0.07837098091840744,0.07665982097387315,0.07494866847991942,0.07700205594301222,0.08281998336315155,0.07323750853538513,0.07597535848617554,0.07768651843070982,0.07460643351078033,0.07700205594301222,0.07426420599222182,0.07460643351078033,0.06810403615236281,0.07392197102308273,0.07152634859085083,0.06741957366466522,0.07529089599847794,0.07563313096761702,0.06707734614610672,0.07426420599222182,0.07289527356624603,0.07049965858459473,0.07597535848617554,0.07426420599222182,0.07357974350452422,0.07734428346157075,0.07323750853538513,0.07460643351078033,0.07700205594301222,0.08110883086919785,0.07939767092466353,0.07255304604768753,0.07700205594301222,0.08487337082624435,0.07357974350452422,0.07905544340610504,0.08384668081998825,0.07871320843696594,0.08213552087545395,0.07597535848617554,0.10095825046300888,0.1156741976737976,0.12217659503221512,0.13860370218753815,0.14613278210163116,0.15331964194774628,0.15571525692939758,0.12936344742774963,0.12799452245235443,0.1139630377292633,0.09822040051221848,0.08590006828308105,0.07494866847991942,0.07152634859085083,0.06981519609689713,0.059206023812294006,0.00273785088211298,0.03935660421848297,0.24435319006443024,0.6026694178581238,0.9941820502281189,0.7310061454772949,0.36002737283706665,0.059206023812294006,0.02224503830075264,0.06844627112150192,0.08966461569070816,0.08281998336315155,0.08042436838150024,0.07905544340610504,0.08179329335689545,0.08624230325222014,0.08521560579538345,0.08692676573991774,0.09445585310459137,0.10164271295070648,0.10403832793235777,0.11738535016775133,0.118412047624588,0.13004791736602783,0.13723477721214294,0.14955510199069977,0.158453106880188,0.17590691149234772,0.19404517114162445,0.0,0.0,0.0,0.0,0.0,0.0,0.0,0.0,0.0,0.0,0.0,0.0,0.0,0.0,0.0,0.0,0.0,0.0,0.0,0.0,0.0,0.0,0.0,0.0,0.0,0.0,0.0,0.0,0.0,0.0,0.0,0.0,0.0,0.0,0.0,0.0
1.0,0.46038070321083063,0.12217795848846436,0.009296149015426637,0.1257193386554718,0.22000885009765625,0.2673749327659607,0.262948215007782,0.2602921724319458,0.27401503920555115,0.2819831669330597,0.2819831669330597,0.2965914011001587,0.2957060635089874,0.3014608323574066,0.3098716139793396,0.31651172041893005,0.31916776299476624,0.3156263828277588,0.32270917296409607,0.3435148298740387,0.36609119176864624,0.3820274472236633,0.3970783650875092,0.41301462054252625,0.43957504630088806,0.47277557849884033,0.49889332056045527,0.525896430015564,0.5542275309562683,0.5807879567146301,0.5900841355323792,0.5922974944114685,0.587428092956543,0.5661797523498535,0.5254537463188171,0.4763169586658478,0.43116423487663275,0.3864541947841644,0.3466135561466217,0.3169544041156769,0.2992474436759949,0.2926073372364044,0.2802124917507172,0.27091634273529047,0.262948215007782,0.26250553131103516,0.2602921724319458,0.26073482632637024,0.26117751002311707,0.2602921724319458,0.25896415114402765,0.2594068050384521,0.2576361298561096,0.25807878375053406,0.26383355259895325,0.2576361298561096,0.2576361298561096,0.2470119595527649,0.24037185311317444,0.23904383182525635,0.23771581053733823,0.23638778924942017,0.23505976796150208,0.24169987440109247,0.24169987440109247,0.24302789568901065,0.24214254319667816,0.24037185311317444,0.23727312684059143,0.24347056448459625,0.24214254319667816,0.22487826645374295,0.22133687138557437,0.21868082880973813,0.21425409615039823,0.2222222238779068,0.22133687138557437,0.21336874365806577,0.2089420109987259,0.2107127010822296,0.21425409615039823,0.2107127010822296,0.20982736349105835,0.210270032286644,0.21735280752182007,0.22045153379440308,0.21823816001415247,0.21691013872623444,0.21691013872623444,0.21159805357456207,0.20628596842288968,0.20584329962730408,0.20628596842288968,0.20097388327121732,0.2040725946426392,0.204515278339386,0.2049579471349716,0.21425409615039823,0.2146967649459839,0.20982736349105835,0.22664895653724673,0.2660469114780426,0.24391323328018188,0.24612660706043243,0.21735280752182007,0.21425409615039823,0.19964586198329923,0.20672863721847531,0.19477644562721247,0.1903497129678726,0.18857902288436887,0.1903497129678726,0.19477644562721247,0.19123506546020508,0.1903497129678726,0.19743248820304873,0.19212040305137637,0.18415227532386777,0.2151394486427307,0.3678618967533112,0.5772465467453003,0.8959716558456419,0.9362549781799315,0.37760069966316223,0.07658255845308304,0.0,0.12350597977638245,0.210270032286644,0.25320938229560846,0.26560425758361816,0.27180168032646174,0.277556449174881,0.2793271243572235,0.27401503920555115,0.2766710817813873,0.27135899662971497,0.27268701791763306,0.2806551456451416,0.2810978293418884,0.2833111882209778,0.2926073372364044,0.3014608323574066,0.32359451055526733,0.332890659570694,0.350597620010376,0.0,0.0,0.0,0.0,0.0,0.0,0.0,0.0,0.0,0.0,0.0,0.0,0.0,0.0,0.0,0.0,0.0,0.0,0.0,0.0,0.0,0.0,0.0,0.0,0.0,0.0,0.0,0.0,0.0,0.0,0.0,0.0,0.0,0.0,0.0,0.0,0.0,0.0,0.0,0.0,0.0,0.0
1.0,0.7551020383834839,0.1351161152124405,0.0,0.2857142984867096,0.33145672082901,0.2568613588809967,0.2582688331604004,0.253342717885971,0.27726954221725464,0.2371569275856018,0.19704432785511017,0.2343420088291168,0.1928219497203827,0.24700914323329923,0.1639690399169922,0.16045038402080536,0.24489796161651609,0.2160450369119644,0.23645320534706116,0.23926812410354611,0.2188599556684494,0.20900774002075195,0.2188599556684494,0.25615763664245605,0.2596762776374817,0.2793807089328766,0.28641802072525024,0.2843068242073059,0.35256862640380854,0.35960590839385986,0.3842364549636841,0.4102744460105896,0.34271639585494995,0.35608726739883423,0.26812103390693665,0.273047149181366,0.19563686847686768,0.21745249629020688,0.1731175184249878,0.19211822748184204,0.15270936489105225,0.18367347121238708,0.14848698675632477,0.16537649929523468,0.18930330872535703,0.13652357459068298,0.21393385529518127,0.15341308712959287,0.18085855245590207,0.15130190551280975,0.16748768091201782,0.16467276215553284,0.1548205465078354,0.15130190551280975,0.20408163964748385,0.17593243718147275,0.16185784339904785,0.19141449034214017,0.19352568686008453,0.15763546526432037,0.15341308712959287,0.21674877405166623,0.13018999993801117,0.22308233380317688,0.21674877405166623,0.2638986706733704,0.33216044306755066,0.3040112555027008,0.2920478582382202,0.37227305769920344,0.3736805021762848,0.2962702214717865,0.19071076810359955,0.203377902507782,0.19071076810359955,0.1548205465078354,0.09641097486019135,0.13018999993801117,0.10204081982374193,0.1266713589429855,0.09359605610370639,0.11118930578231812,0.0731878951191902,0.15622800588607788,0.05418719351291656,0.3082336485385895,0.8444757461547852,0.6213933825492859,0.16256158053874967,0.03237156942486763,0.2343420088291168,0.24841660261154172,0.16467276215553284,0.16959887742996216,0.14215341210365295,0.19915552437305448,0.15552428364753723,0.1541168242692947,0.14707952737808228,0.1541168242692947,0.13652357459068298,0.19845178723335263,0.10978184640407562,0.14707952737808228,0.0,0.0,0.0,0.0,0.0,0.0,0.0,0.0,0.0,0.0,0.0,0.0,0.0,0.0,0.0,0.0,0.0,0.0,0.0,0.0,0.0,0.0,0.0,0.0,0.0,0.0,0.0,0.0,0.0,0.0,0.0,0.0,0.0,0.0,0.0,0.0,0.0,0.0,0.0,0.0,0.0,0.0,0.0,0.0,0.0,0.0,0.0,0.0,0.0,0.0,0.0,0.0,0.0,0.0,0.0,0.0,0.0,0.0,0.0,0.0,0.0,0.0,0.0,0.0,0.0,0.0,0.0,0.0,0.0,0.0,0.0,0.0,0.0,0.0,0.0,0.0,0.0,0.0,0.0,0.0,0.0,0.0,0.0
1.0,0.7061759233474731,0.3231441080570221,0.10168433934450148,0.013724266551434992,0.22270742058753967,0.2857142984867096,0.2956955730915069,0.32501560449600214,0.35059264302253723,0.3611977398395538,0.3699313700199127,0.36868372559547424,0.37429818511009216,0.3842794895172119,0.38303181529045105,0.3817841410636902,0.3942607641220093,0.4054897129535675,0.41796630620956415,0.4329382479190826,0.4522769749164581,0.471615731716156,0.4990642666816712,0.5396132469177246,0.5807860493659973,0.6207111477851868,0.645664393901825,0.6805988550186157,0.6974422931671144,0.7043044567108153,0.6887086629867554,0.65751713514328,0.5907673239707947,0.5177791714668274,0.46163442730903625,0.40923267602920527,0.3718028664588928,0.34497815370559687,0.33312538266181946,0.3231441080570221,0.3194011151790619,0.31191515922546387,0.3181534707546234,0.3144104778766632,0.31129133701324463,0.3156581521034241,0.3194011151790619,0.3194011151790619,0.31004366278648376,0.3125389814376831,0.3194011151790619,0.321272611618042,0.32376793026924133,0.3262632489204407,0.3231441080570221,0.32064878940582275,0.3144104778766632,0.32501560449600214,0.32189643383026123,0.31628197431564326,0.3144104778766632,0.3169057965278625,0.30068621039390564,0.29507175087928766,0.2981908917427063,0.3050530254840851,0.29694321751594543,0.2956955730915069,0.29631939530372614,0.29008108377456665,0.28321895003318787,0.3000623881816864,0.2913287580013275,0.2907049357891083,0.285090446472168,0.27947598695755005,0.28633812069892883,0.28072363138198847,0.28696194291114807,0.2769806683063507,0.27947598695755005,0.2769806683063507,0.28321895003318787,0.28259512782096863,0.2732376754283905,0.2782283127307892,0.2956955730915069,0.2944478988647461,0.3087960183620453,0.31503430008888245,0.29507175087928766,0.2888334393501282,0.2751091718673706,0.2769806683063507,0.27261385321617126,0.2701185345649719,0.2551465928554535,0.23206487298011777,0.23767934739589688,0.243293821811676,0.25202745199203486,0.2526512742042541,0.2557704448699951,0.24641297757625577,0.2526512742042541,0.3537117838859558,0.41547098755836487,0.5233936309814453,0.898315668106079,0.9270118474960328,0.43792888522148127,0.2145976275205612,0.0,0.027448533102869987,0.21771678328514096,0.2501559555530548,0.26138490438461304,0.2763568162918091,0.3038053512573242,0.29694321751594543,0.3038053512573242,0.29507175087928766,0.31628197431564326,0.3194011151790619,0.310667484998703,0.32439175248146057,0.3431066870689392,0.3443543314933777,0.3555832803249359,0.3643169105052948,0.3811603188514709,0.0,0.0,0.0,0.0,0.0,0.0,0.0,0.0,0.0,0.0,0.0,0.0,0.0,0.0,0.0,0.0,0.0,0.0,0.0,0.0,0.0,0.0,0.0,0.0,0.0,0.0,0.0,0.0,0.0,0.0,0.0,0.0,0.0,0.0,0.0,0.0,0.0,0.0,0.0,0.0,0.0,0.0,0.0,0.0,0.0,0.0,0.0,0.0,0.0,0.0,0.0,0.0,0.0,0.0,0.0,0.0
0.9693406224250792,0.6556068658828735,0.17345653474330902,0.0,0.06047879159450531,0.1910961717367172,0.2486350238323212,0.25997480750083923,0.265854686498642,0.2624947428703308,0.263334721326828,0.2780344486236572,0.2830743491649628,0.2868542671203613,0.2923141419887543,0.29441410303115845,0.3023939430713653,0.3166736662387848,0.3271734416484833,0.3431331515312195,0.35615286231040955,0.3607727885246277,0.3733725249767304,0.39689207077026367,0.4170516729354858,0.44603109359741205,0.4724905490875244,0.4981100261211395,0.5325493216514587,0.5573288798332214,0.579168438911438,0.5959680676460266,0.5984880328178406,0.5963881015777588,0.5758084654808044,0.5354892611503601,0.4922301471233368,0.441411167383194,0.3964720666408538,0.3590928316116333,0.3309533894062042,0.30575388669967646,0.29441410303115845,0.2818143665790558,0.2801344096660614,0.2725745439529419,0.2717345654964447,0.2700546085834503,0.27047458291053766,0.27467450499534607,0.2708945870399475,0.2742545008659363,0.2792944014072418,0.28559428453445435,0.2881142497062683,0.2986140251159668,0.29483410716056824,0.30155396461486816,0.3023939430713653,0.2998740077018738,0.3032339215278625,0.3032339215278625,0.2990340292453766,0.2986140251159668,0.2897942066192627,0.29189416766166687,0.2902141809463501,0.2923141419887543,0.2868542671203613,0.29189416766166687,0.29357412457466125,0.28601428866386414,0.2801344096660614,0.2788744270801544,0.27635446190834045,0.27467450499534607,0.2742545008659363,0.27845442295074463,0.282654345035553,0.28475430607795715,0.2818143665790558,0.2805543839931488,0.27719447016716003,0.2729945480823517,0.2729945480823517,0.2671146690845489,0.2738345265388489,0.2700546085834503,0.2641747295856476,0.26795464754104614,0.26795464754104614,0.2692146301269531,0.265854686498642,0.2612347900867462,0.2666946649551392,0.2620747685432434,0.26039478182792664,0.25955480337142944,0.2650147080421448,0.2608147859573364,0.2629147469997406,0.2566148638725281,0.2700546085834503,0.3040739297866821,0.3078538477420807,0.30365392565727234,0.2910541892051697,0.27467450499534607,0.26963460445404047,0.2708945870399475,0.2620747685432434,0.2553548812866211,0.2612347900867462,0.263334721326828,0.26627466082572937,0.2721545696258545,0.2797144055366516,0.27677446603775024,0.2692146301269531,0.25997480750083923,0.2729945480823517,0.4069718718528748,0.6026879549026489,0.8777824640274048,1.0,0.4880302250385285,0.16715665161609647,0.060058798640966415,0.17051659524440765,0.25997480750083923,0.30491390824317927,0.30071398615837097,0.29819405078887934,0.31121376156806946,0.31877362728118896,0.31877362728118896,0.3326333463191986,0.3317933678627014,0.3372532427310944,0.34523308277130127,0.35153296589851374,0.3540529310703277,0.3506929874420166,0.3574128448963165,0.3771524429321289,0.39857202768325806,0.0,0.0,0.0,0.0,0.0,0.0,0.0,0.0,0.0,0.0,0.0,0.0,0.0,0.0,0.0,0.0,0.0,0.0,0.0,0.0,0.0,0.0,0.0,0.0,0.0,0.0,0.0,0.0,0.0,0.0,0.0,0.0,0.0,0.0,0.0,0.0,0.0,0.0,0.0,0.0,0.0,0.0
